{
  "n_grids": 150,
  "slot_mean_acc": 0.8124296296296296,
  "slot_median_acc": 0.8383333333333334,
  "base_mean_acc": 0.949325925925926,
  "base_median_acc": 0.9722222222222222,
  "slot_beats_base": 0,
  "prior_delta_norms": [
    0.8635684847831726,
    0.6098020672798157,
    0.8235223889350891,
    0.5529113411903381,
    1.0818467140197754,
    1.0621036291122437,
    0.8078221082687378,
    0.8579583168029785,
    0.8074114918708801,
    1.1875187158584595,
    0.6237320303916931,
    0.8517401218414307,
    0.6128077507019043,
    0.944585382938385,
    0.6543673276901245,
    0.7038889527320862
  ]
}